{"cameraMode":{"drawMode":0,"name":"Shaded","section":"Shading Mode"},"sceneLighting":true,"audioPlay":false,"sceneViewState":{"showFog":true,"showMaterialUpdate":false,"showSkybox":true,"showFlares":true,"showImageEffects":true,"showParticleSystems":true},"in2DMode":false,"pivot":{"x":0.8372802734375,"y":1.95257568359375,"z":3.48828125},"rotation":{"x":0.049729570746421817,"y":-0.15960930287837983,"z":0.008050822652876377,"w":0.9858967661857605},"size":3.09130859375,"orthographic":true}